<?xml version="1.0" encoding="UTF-8"?>
<lint>
    <issue id="HandlerLeak">
        <ignore path="src\fly\SinaWeibo\logic\MainService.java" />
        <ignore path="src\fly\SinaWeibo\ui\FollowersActivity.java" />
        <ignore path="src\fly\SinaWeibo\ui\FriendsActivity.java" />
        <ignore path="src\fly\SinaWeibo\ui\MSGActivity.java" />
        <ignore path="src\fly\SinaWeibo\ui\SearchActivity.java" />
        <ignore path="src\fly\SinaWeibo\ui\WebViewActivity.java" />
        <ignore path="src\fly\SinaWeibo\ui\WeiboInfoActivity.java" />
    </issue>
    <issue id="ProtectedPermissions" severity="ignore" />
    <issue id="SelectableText">
        <ignore path="res\layout\friends_list_item.xml" />
        <ignore path="res\layout\search_user_list_item.xml" />
        <ignore path="res\layout\user_info.xml" />
        <ignore path="res\layout\weibo_detail.xml" />
        <ignore path="res\layout\weibo_detail_comment_item.xml" />
        <ignore path="res\layout\weibo_detail_repost_item.xml" />
    </issue>
    <issue id="SetJavaScriptEnabled">
        <ignore path="src\fly\SinaWeibo\ui\WebViewActivity.java" />
    </issue>
    <issue id="UseSparseArrays">
        <ignore path="src\fly\SinaWeibo\adapter\AttentionAdapter.java" />
        <ignore path="src\fly\SinaWeibo\adapter\CommentAdapter.java" />
        <ignore path="src\fly\SinaWeibo\adapter\RepostAdapter.java" />
        <ignore path="src\fly\SinaWeibo\ui\MSGActivity.java" />
        <ignore path="src\fly\SinaWeibo\ui\MyWeiboActivity.java" />
        <ignore path="src\fly\SinaWeibo\ui\SearchActivity.java" />
        <ignore path="src\fly\SinaWeibo\ui\WeiboInfoActivity.java" />
    </issue>
</lint>